wd_number	revision
2015-4001	32
2015-4003	32
2015-4005	32
2015-4007	32
2015-4009	32
2015-4011	32
2015-4013	33
2015-4015	33
2015-4017	33
2015-4019	32
2015-4021	33
2015-4023	33
2015-4025	33
2015-4027	33
2015-4029	32
2015-4031	33
2015-4033	34
2015-4035	33
2015-4037	33
2015-4039	33
2015-4041	33
2015-4043	33
2015-4045	34
2015-4047	32
2015-4049	33
2015-4051	33
2015-4053	33
2015-4055	34
2015-4061	35
2015-4063	33
2015-4065	33
2015-4067	34
2015-4069	32
2015-4071	33
2015-4073	33
2015-4075	32
2015-4077	33
2015-4079	32
2015-4081	32
2015-4083	32
2015-4085	33
2015-4087	33
2015-4089	32
2015-4091	32
2015-4093	32
2015-4095	33
2015-4097	33
2015-4099	34
2015-4101	32
2015-4103	33
2015-4105	31
2015-4107	33
2015-4109	33
2015-4111	33
2015-4113	34
2015-4115	33
2015-4117	33
2015-4119	32
2015-4121	32
2015-4123	33
2015-4125	33
2015-4127	33
2015-4129	33
2015-4131	33
2015-4133	35
2015-4137	36
2015-4139	32
2015-4141	33
2015-4143	33
2015-4145	31
2015-4147	34
2015-4149	30
2015-4151	30
2015-4153	30
2015-4155	32
2015-4157	30
2015-4159	31
2015-4161	32
2015-4163	31
2015-4165	31
2015-4167	32
2015-4169	32
2015-4171	32
2015-4173	31
2015-4175	32
2015-4177	32
2015-4179	32
2015-4181	32
2015-4183	33
2015-4185	33
2015-4187	34
2015-4189	33
2015-4191	31
2015-4193	31
2015-4195	31
2015-4197	31
2015-4199	31
2015-4201	32
2015-4203	32
2015-4205	32
2015-4207	32
2015-4209	32
2015-4211	32
2015-4213	32
2015-4217	32
2015-4221	33
2015-4223	32
2015-4225	33
2015-4227	30
2015-4229	31
2015-4231	30
2015-4233	35
2015-4235	32
2015-4237	34
2015-4239	31
2015-4241	30
2015-4243	32
2015-4245	30
2015-4247	30
2015-4249	32
2015-4251	32
2015-4253	32
2015-4255	32
2015-4257	32
2015-4259	31
2015-4261	31
2015-4263	31
2015-4265	32
2015-4269	31
2015-4271	31
2015-4275	31
2015-4277	31
2015-4279	30
2015-4283	35
2015-4285	34
2015-4287	34
2015-4289	32
2015-4291	32
2015-4293	32
2015-4295	30
2015-4297	32
2015-4299	29
2015-4301	31
2015-4303	32
2015-4305	31
2015-4307	30
2015-4309	30
2015-4311	29
2015-4313	31
2015-4315	31
2015-4317	32
2015-4319	31
2015-4321	34
2015-4323	35
2015-4325	35
2015-4327	32
2015-4329	32
2015-4331	32
2015-4333	32
2015-4335	32
2015-4337	32
2015-4339	29
2015-4341	32
2015-4343	32
2015-4345	32
2015-4347	30
2015-4349	30
2015-4351	30
2015-4353	30
2015-4355	30
2015-4357	32
2015-4359	32
2015-4361	32
2015-4363	32
2015-4365	32
2015-4367	32
2015-4369	29
2015-4371	29
2015-4373	32
2015-4375	32
2015-4377	30
2015-4379	31
2015-4381	30
2015-4383	30
2015-4385	32
2015-4387	32
2015-4389	32
2015-4391	32
2015-4393	32
2015-4395	30
2015-4397	30
2015-4399	29
2015-4401	30
2015-4403	32
2015-4405	32
2015-4407	32
2015-4409	32
2015-4411	32
2015-4413	32
2015-4415	32
2015-4417	30
2015-4423	32
2015-4427	32
2015-4429	31
2015-4431	31
2015-4433	32
2015-4435	29
2015-4437	31
2015-4439	28
2015-4441	32
2015-4443	31
2015-4445	32
2015-4449	32
2015-4451	32
2015-4453	32
2015-4455	32
2015-4457	32
2015-4459	32
2015-4461	32
2015-4463	33
2015-4465	30
2015-4467	33
2015-4469	29
2015-4471	34
2015-4473	32
2015-4475	32
2015-4477	33
2015-4479	32
2015-4481	29
2015-4483	32
2015-4485	29
2015-4487	29
2015-4489	29
2015-4491	32
2015-4493	30
2015-4495	30
2015-4497	31
2015-4499	31
2015-4501	34
2015-4503	34
2015-4505	34
2015-4507	32
2015-4509	32
2015-4511	32
2015-4513	33
2015-4515	33
2015-4517	33
2015-4519	33
2015-4521	33
2015-4523	33
2015-4525	28
2015-4527	31
2015-4529	29
2015-4531	32
2015-4533	29
2015-4535	34
2015-4537	28
2015-4539	29
2015-4541	28
2015-4543	33
2015-4545	30
2015-4547	30
2015-4549	29
2015-4551	32
2015-4553	32
2015-4555	28
2015-4559	31
2015-4561	31
2015-4563	30
2015-4565	30
2015-4567	30
2015-4569	29
2015-4571	28
2015-4573	30
2015-4575	31
2015-4577	31
2015-4579	31
2015-4581	31
2015-4583	31
2015-4585	31
2015-4587	29
2015-4589	28
2015-4591	31
2015-4593	31
2015-4595	30
2015-4597	30
2015-4599	30
2015-4601	29
2015-4603	31
2015-4605	27
2015-4607	27
2015-4609	27
2015-4611	31
2015-4613	31
2015-4615	31
2015-4617	31
2015-4619	31
2015-4621	31
2015-4623	31
2015-4625	31
2015-4627	31
2015-4629	31
2015-4631	31
2015-4633	31
2015-4635	31
2015-4637	27
2015-4639	27
2015-4641	27
2015-4643	30
2015-4645	27
2015-4647	30
2015-4649	31
2015-4651	31
2015-4653	31
2015-4655	31
2015-4657	31
2015-4659	31
2015-4661	31
2015-4663	31
2015-4665	31
2015-4667	31
2015-4669	31
2015-4671	30
2015-4675	27
2015-4677	30
2015-4679	30
2015-4681	26
2015-4683	31
2015-4685	26
2015-4687	31
2015-4689	31
2015-4691	31
2015-4693	33
2015-4695	34
2015-4697	33
2015-4699	33
2015-4701	31
2015-4703	31
2015-4705	31
2015-4707	31
2015-4709	31
2015-4713	27
2015-4715	31
2015-4717	31
2015-4721	27
2015-4723	31
2015-4725	31
2015-4727	28
2015-4729	31
2015-4731	28
2015-4733	28
2015-4735	28
2015-4739	28
2015-4741	28
2015-4743	31
2015-4745	31
2015-4747	31
2015-4749	31
2015-4751	31
2015-4753	32
2015-4755	31
2015-4757	31
2015-4759	31
2015-4761	31
2015-4763	31
2015-4765	31
2015-4767	31
2015-4769	31
2015-4771	31
2015-4775	29
2015-4777	29
2015-4779	29
2015-4781	29
2015-4783	27
2015-4785	31
2015-4787	31
2015-4789	29
2015-4791	31
2015-4793	31
2015-4795	31
2015-4797	31
2015-4799	29
2015-4801	29
2015-4803	32
2015-4805	32
2015-4807	32
2015-4809	32
2015-4811	33
2015-4813	31
2015-4815	31
2015-4817	31
2015-4819	31
2015-4821	31
2015-4823	31
2015-4825	31
2015-4827	31
2015-4829	32
2015-4831	31
2015-4833	30
2015-4835	31
2015-4837	29
2015-4839	29
2015-4841	31
2015-4843	31
2015-4845	31
2015-4847	31
2015-4851	29
2015-4853	29
2015-4855	31
2015-4857	31
2015-4859	28
2015-4861	28
2015-4863	28
2015-4865	29
2015-4867	32
2015-4869	33
2015-4871	31
2015-4873	31
2015-4875	31
2015-4877	32
2015-4879	31
2015-4881	31
2015-4883	31
2015-4885	31
2015-4887	29
2015-4889	29
2015-4891	29
2015-4893	29
2015-4895	29
2015-4897	30
2015-4899	29
2015-4901	29
2015-4903	29
2015-4905	29
2015-4907	28
2015-4913	30
2015-4917	30
2015-4919	31
2015-4921	31
2015-4923	31
2015-4925	31
2015-4927	31
2015-4929	30
2015-4931	28
2015-4935	29
2015-4937	29
2015-4939	28
2015-4941	30
2015-4943	30
2015-4945	30
2015-4947	30
2015-4949	28
2015-4951	28
2015-4953	28
2015-4955	30
2015-4957	30
2015-4959	28
2015-4963	31
2015-4965	28
2015-4967	30
2015-4969	30
2015-4971	30
2015-4973	30
2015-4975	27
2015-4977	27
2015-4979	27
2015-4981	27
2015-4983	27
2015-4985	28
2015-4987	29
2015-4989	29
2015-4991	29
2015-4993	29
2015-4995	29
2015-4997	29
2015-4999	29
2015-5001	29
2015-5003	29
2015-5005	27
2015-5007	29
2015-5009	29
2015-5011	27
2015-5013	27
2015-5015	27
2015-5017	31
2015-5019	31
2015-5021	27
2015-5023	27
2015-5025	27
2015-5027	27
2015-5029	27
2015-5031	27
2015-5033	30
2015-5035	30
2015-5037	30
2015-5039	30
2015-5041	30
2015-5045	30
2015-5047	30
2015-5049	30
2015-5051	30
2015-5053	30
2015-5055	30
2015-5057	30
2015-5059	30
2015-5061	30
2015-5063	30
2015-5065	30
2015-5067	30
2015-5069	29
2015-5071	29
2015-5073	30
2015-5075	31
2015-5079	27
2015-5081	29
2015-5083	29
2015-5085	28
2015-5087	28
2015-5089	29
2015-5091	29
2015-5093	29
2015-5095	29
2015-5097	29
2015-5099	28
2015-5101	28
2015-5103	27
2015-5105	27
2015-5107	27
2015-5109	29
2015-5111	29
2015-5113	27
2015-5115	27
2015-5117	29
2015-5119	29
2015-5121	28
2015-5123	29
2015-5125	29
2015-5127	29
2015-5129	29
2015-5133	29
2015-5135	29
2015-5137	29
2015-5139	29
2015-5141	30
2015-5143	29
2015-5145	29
2015-5147	28
2015-5149	29
2015-5151	29
2015-5153	29
2015-5157	28
2015-5159	28
2015-5161	31
2015-5163	31
2015-5167	28
2015-5169	28
2015-5171	28
2015-5173	33
2015-5175	29
2015-5177	29
2015-5179	29
2015-5181	30
2015-5183	30
2015-5185	30
2015-5187	29
2015-5189	32
2015-5191	29
2015-5195	27
2015-5197	30
2015-5199	30
2015-5201	29
2015-5203	29
2015-5207	30
2015-5209	30
2015-5211	32
2015-5213	29
2015-5215	33
2015-5217	30
2015-5219	30
2015-5221	30
2015-5223	30
2015-5225	29
2015-5227	27
2015-5229	28
2015-5231	31
2015-5233	32
2015-5235	29
2015-5237	29
2015-5239	30
2015-5241	28
2015-5243	28
2015-5245	28
2015-5247	28
2015-5249	28
2015-5251	28
2015-5253	28
2015-5255	28
2015-5257	28
2015-5259	28
2015-5261	28
2015-5263	28
2015-5269	30
2015-5271	30
2015-5273	31
2015-5275	31
2015-5277	31
2015-5279	31
2015-5283	32
2015-5287	31
2015-5289	31
2015-5291	31
2015-5293	31
2015-5295	31
2015-5301	30
2015-5303	30
2015-5305	28
2015-5307	28
2015-5309	28
2015-5311	28
2015-5313	28
2015-5315	28
2015-5317	28
2015-5319	28
2015-5321	29
2015-5323	29
2015-5325	29
2015-5327	29
2015-5329	29
2015-5331	30
2015-5333	29
2015-5335	28
2015-5337	28
2015-5339	28
2015-5341	31
2015-5343	29
2015-5345	27
2015-5347	29
2015-5349	29
2015-5351	29
2015-5353	29
2015-5355	29
2015-5357	27
2015-5359	29
2015-5361	29
2015-5363	29
2015-5365	29
2015-5367	30
2015-5369	27
2015-5373	29
2015-5375	27
2015-5377	30
2015-5379	27
2015-5381	27
2015-5383	27
2015-5385	27
2015-5387	27
2015-5389	27
2015-5391	26
2015-5393	27
2015-5395	27
2015-5397	27
2015-5399	27
2015-5401	27
2015-5403	27
2015-5405	27
2015-5407	27
2015-5409	27
2015-5411	27
2015-5413	27
2015-5415	29
2015-5417	31
2015-5419	31
2015-5421	32
2015-5423	30
2015-5425	30
2015-5427	29
2015-5429	31
2015-5431	30
2015-5433	31
2015-5435	29
2015-5437	28
2015-5439	28
2015-5443	27
2015-5445	27
2015-5447	27
2015-5449	27
2015-5451	27
2015-5453	29
2015-5455	29
2015-5457	29
2015-5459	29
2015-5461	29
2015-5463	27
2015-5465	29
2015-5467	30
2015-5469	29
2015-5471	27
2015-5473	27
2015-5475	27
2015-5477	29
2015-5479	29
2015-5481	29
2015-5483	28
2015-5485	28
2015-5487	28
2015-5489	28
2015-5491	27
2015-5493	27
2015-5495	27
2015-5497	27
2015-5499	29
2015-5501	29
2015-5503	27
2015-5505	27
2015-5507	27
2015-5509	27
2015-5511	27
2015-5513	27
2015-5515	27
2015-5517	27
2015-5519	29
2015-5521	29
2015-5523	27
2015-5525	29
2015-5527	27
2015-5529	27
2015-5531	27
2015-5533	27
2015-5535	27
2015-5537	27
2015-5539	30
2015-5541	27
2015-5543	27
2015-5545	29
2015-5547	29
2015-5549	29
2015-5551	29
2015-5553	29
2015-5555	29
2015-5557	29
2015-5559	27
2015-5561	29
2015-5563	27
2015-5565	27
2015-5567	27
2015-5569	27
2015-5571	27
2015-5573	27
2015-5575	29
2015-5577	29
2015-5579	27
2015-5581	29
2015-5583	29
2015-5587	27
2015-5589	30
2015-5591	27
2015-5593	30
2015-5595	27
2015-5597	29
2015-5599	29
2015-5601	27
2015-5603	29
2015-5605	27
2015-5607	28
2015-5609	28
2015-5611	27
2015-5613	31
2015-5615	26
2015-5617	25
2015-5619	27
2015-5621	25
2015-5623	28
2015-5625	26
2015-5627	25
2015-5629	28
2015-5631	26
2015-5633	25
2015-5635	29
2015-5637	31
2015-5639	29
2015-5641	29
2015-5643	25
2015-5645	30
2015-5647	26
2015-5649	25
2015-5651	25
2015-5653	25
2015-5655	25
2015-5657	25
2015-5659	25
2015-5661	29
2015-5663	29
2015-5665	29
2015-5667	29
2015-5669	29
2015-5671	29
2015-5673	25
2015-5675	27
2015-5677	29
2015-5679	29
2015-5681	25
2015-5683	25
2015-5685	27
2015-5687	27
2015-5691	26
2015-5695	27
2015-5697	27
2015-5699	27
2015-5701	27
2015-5703	27
2015-5705	26
2015-5707	28
2015-5711	28
2015-5713	28
2015-5715	25
2015-5717	27
2015-5719	27
2015-5721	29
2015-5723	29
2015-5725	27
2015-5727	29
2015-5729	29
2015-5731	31
2015-5735	28
2015-5737	31
2015-5739	26
2015-5741	27
2015-5747	31
2015-5749	29
2015-5751	27
2015-5753	29
2015-5755	29
2015-5757	32
2015-5759	28
2015-5761	29
2015-5763	31
2015-5765	31
2015-5767	29
2015-5769	27
2015-5771	28
2015-5773	30
2015-5775	29
2015-5777	30
2015-5779	31
2015-5781	28
2015-5783	31
2015-5785	31
2015-5787	27
2015-5789	29
2015-5791	30
2015-5793	31
2015-5795	30
2015-5797	30
2015-5799	31
2015-5805	28
2015-5807	28
2015-5809	28
2015-5811	28
2015-5813	29
2015-5817	28
2015-5821	28
2015-5823	28
2015-5825	31
2015-5827	30
2015-5829	30
2015-5831	31
2015-5833	29
2015-5835	29
2015-5837	31
2015-5839	31
2015-5841	28
2015-5843	28
2015-5845	27
2015-5847	27
2015-5849	28
2015-5851	28
2015-5853	20
2015-5855	20
2015-5857	18
2015-5859	18
2015-5861	3
2015-5863	3
2015-5865	3
2015-5867	3
2015-5869	3
2015-5871	3
2015-5873	3
2015-5875	3
2015-5877	3
2015-5879	3
2015-5881	3
2015-5883	3
2015-5885	3
2015-5887	3
2015-5889	3
2015-5891	3
2015-5893	3
2015-5895	3
2015-5897	3
2015-5899	3
2015-5901	3
2015-5903	3
2015-5905	3
2015-5907	3
2015-5909	3
2015-5911	3
2015-5913	3
2015-5915	3
2015-5917	3
2015-5919	3
2015-5921	3
2015-5923	3
2015-5925	3
2015-5927	3
2015-5929	3
2015-5931	3
2015-5933	3
2015-5935	3
2015-5937	3
2015-5939	3
2015-5941	3
2015-5943	3
2015-5945	3
2015-5947	3
2015-5949	3
2015-5951	3
2015-5953	3
2015-5955	3
2015-5957	3
2015-5959	3
2015-5961	3
2015-5963	3
2015-5965	3
2015-5967	3
2015-5969	3
2015-5971	3
2015-5973	3
2015-5975	3
2015-5977	3
2015-5979	3
2015-5981	3
2015-5983	3
2015-5985	3
2015-5987	3
2015-5989	3
2015-5991	3
2015-5993	3
2015-5995	3
2015-5997	3
2015-5999	3
2015-6001	3
2015-6003	3
2015-6005	3
2015-6007	3
2015-6009	3
2015-6011	3
2015-6013	3
2015-6015	3
2015-6017	3
2015-6019	3
2015-6021	3
2015-6023	3
2015-6025	3
2015-6027	3
2015-6029	3
2015-6031	3
2015-6033	3
2015-6035	3
2015-6037	3
2015-6039	3
2015-6041	3
2015-6043	3
2015-6045	3
2015-6047	2
2015-6049	2
2015-6051	2
2015-6053	2
2015-6055	2
2015-6057	2
2015-6059	2
2015-6061	2
2015-6063	2
2015-6065	2
2015-6067	2
2015-6069	2
2015-6071	2
2015-6073	2
2015-6075	2
2015-6077	2
2015-6079	2
2015-6081	2
2015-6083	2
2015-6085	2
2015-6087	2
2015-6089	2
2015-6091	2
2015-6093	2
2015-6095	2
2015-6097	2
2015-6099	2
2015-6101	2
2015-6103	2
2015-6105	2
2015-6107	2
2015-6109	2
2015-6111	2
2015-6113	2
2015-6115	2
2015-6117	2
2015-6119	2
2015-6121	2
2015-6123	2
2015-6125	2
2015-6127	2
2015-6129	2
2015-6131	2
2015-6133	2
2015-6135	2
2015-6137	2
2015-6139	2
2015-6141	2
2015-6143	2
